indice_tiempo,tipo_cambio_valuacion
2010-01-01,3.7967
2010-01-02,3.7967
2010-01-03,3.7967
2010-01-04,3.7975
2010-01-05,3.7978
2010-01-06,3.8105
2010-01-07,3.803
2010-01-08,3.8013
2010-01-09,3.8013
2010-01-10,3.8013
2010-01-11,3.7968
2010-01-12,3.7942
2010-01-13,3.797
2010-01-14,3.7965
2010-01-15,3.7988
2010-01-16,3.7988
2010-01-17,3.7988
2010-01-18,3.7975
2010-01-19,3.8008
2010-01-20,3.8013
2010-01-21,3.8062
2010-01-22,3.811
2010-01-23,3.811
2010-01-24,3.811
2010-01-25,3.8058
2010-01-26,3.8098
2010-01-27,3.817
2010-01-28,3.8173
2010-01-29,3.823
2010-01-30,3.823
2010-01-31,3.823
2010-02-01,3.8407
2010-02-02,3.831
2010-02-03,3.8332
2010-02-04,3.841
2010-02-05,3.8447
2010-02-06,3.8447
2010-02-07,3.8447
2010-02-08,3.8407
2010-02-09,3.8427
2010-02-10,3.8458
2010-02-11,3.8502
2010-02-12,3.8537
2010-02-13,3.8537
2010-02-14,3.8537
2010-02-15,3.8577
2010-02-16,3.8612
2010-02-17,3.8557
2010-02-18,3.8582
2010-02-19,3.8587
2010-02-20,3.8587
2010-02-21,3.8587
2010-02-22,3.8608
2010-02-23,3.8677
2010-02-24,3.8595
2010-02-25,3.8617
2010-02-26,3.8598
2010-02-27,3.8598
2010-02-28,3.8598
2010-03-01,3.8597
2010-03-02,3.8578
2010-03-03,3.8543
2010-03-04,3.8563
2010-03-05,3.8573
2010-03-06,3.8573
2010-03-07,3.8573
2010-03-08,3.8595
2010-03-09,3.8618
2010-03-10,3.8615
2010-03-11,3.8588
2010-03-12,3.8597
2010-03-13,3.8597
2010-03-14,3.8597
2010-03-15,3.8618
2010-03-16,3.8628
2010-03-17,3.8613
2010-03-18,3.8622
2010-03-19,3.8628
2010-03-20,3.8628
2010-03-21,3.8628
2010-03-22,3.8638
2010-03-23,3.8635
2010-03-24,3.8635
2010-03-25,3.8658
2010-03-26,3.8672
2010-03-27,3.8672
2010-03-28,3.8672
2010-03-29,3.8713
2010-03-30,3.8748
2010-03-31,3.8763
2010-04-01,3.8763
2010-04-02,3.8763
2010-04-03,3.8763
2010-04-04,3.8763
2010-04-05,3.8768
2010-04-06,3.8788
2010-04-07,3.8798
2010-04-08,3.8758
2010-04-09,3.8745
2010-04-10,3.8745
2010-04-11,3.8745
2010-04-12,3.8775
2010-04-13,3.8808
2010-04-14,3.879
2010-04-15,3.8748
2010-04-16,3.8717
2010-04-17,3.8717
2010-04-18,3.8717
2010-04-19,3.8682
2010-04-20,3.8715
2010-04-21,3.8717
2010-04-22,3.8713
2010-04-23,3.8722
2010-04-24,3.8722
2010-04-25,3.8722
2010-04-26,3.8722
2010-04-27,3.8765
2010-04-28,3.8803
2010-04-29,3.8818
2010-04-30,3.8862
2010-05-01,3.8862
2010-05-02,3.8862
2010-05-03,3.886
2010-05-04,3.8898
2010-05-05,3.901
2010-05-06,3.8975
2010-05-07,3.8952
2010-05-08,3.8952
2010-05-09,3.8952
2010-05-10,3.8947
2010-05-11,3.8958
2010-05-12,3.8955
2010-05-13,3.8958
2010-05-14,3.8958
2010-05-15,3.8958
2010-05-16,3.8958
2010-05-17,3.8998
2010-05-18,3.9062
2010-05-19,3.9098
2010-05-20,3.9068
2010-05-21,3.9062
2010-05-22,3.9062
2010-05-23,3.9062
2010-05-24,3.9062
2010-05-25,3.9062
2010-05-26,3.9088
2010-05-27,3.9115
2010-05-28,3.9145
2010-05-29,3.9145
2010-05-30,3.9145
2010-05-31,3.9268
2010-06-01,3.9308
2010-06-02,3.9288
2010-06-03,3.923
2010-06-04,3.923
2010-06-05,3.923
2010-06-06,3.923
2010-06-07,3.9252
2010-06-08,3.9215
2010-06-09,3.916
2010-06-10,3.9175
2010-06-11,3.9222
2010-06-12,3.9222
2010-06-13,3.9222
2010-06-14,3.9268
2010-06-15,3.9257
2010-06-16,3.9258
2010-06-17,3.9262
2010-06-18,3.9265
2010-06-19,3.9265
2010-06-20,3.9265
2010-06-21,3.9265
2010-06-22,3.9288
2010-06-23,3.9295
2010-06-24,3.9283
2010-06-25,3.9323
2010-06-26,3.9323
2010-06-27,3.9323
2010-06-28,3.9332
2010-06-29,3.9333
2010-06-30,3.9265
2010-07-01,3.9325
2010-07-02,3.9342
2010-07-03,3.9342
2010-07-04,3.9342
2010-07-05,3.9355
2010-07-06,3.9345
2010-07-07,3.9358
2010-07-08,3.9367
2010-07-09,3.9367
2010-07-10,3.9367
2010-07-11,3.9367
2010-07-12,3.9375
2010-07-13,3.9358
2010-07-14,3.9347
2010-07-15,3.9348
2010-07-16,3.9357
2010-07-17,3.9357
2010-07-18,3.9357
2010-07-19,3.9345
2010-07-20,3.9353
2010-07-21,3.9348
2010-07-22,3.9335
2010-07-23,3.9318
2010-07-24,3.9318
2010-07-25,3.9318
2010-07-26,3.9322
2010-07-27,3.9315
2010-07-28,3.9338
2010-07-29,3.9367
2010-07-30,3.9395
2010-07-31,3.9395
2010-08-01,3.9395
2010-08-02,3.9388
2010-08-03,3.9352
2010-08-04,3.9325
2010-08-05,3.9347
2010-08-06,3.9325
2010-08-07,3.9325
2010-08-08,3.9325
2010-08-09,3.9308
2010-08-10,3.9328
2010-08-11,3.9345
2010-08-12,3.9338
2010-08-13,3.9328
2010-08-14,3.9328
2010-08-15,3.9328
2010-08-16,3.9328
2010-08-17,3.9333
2010-08-18,3.9338
2010-08-19,3.9368
2010-08-20,3.9382
2010-08-21,3.9382
2010-08-22,3.9382
2010-08-23,3.9395
2010-08-24,3.9415
2010-08-25,3.9455
2010-08-26,3.9448
2010-08-27,3.9438
2010-08-28,3.9438
2010-08-29,3.9438
2010-08-30,3.9445
2010-08-31,3.9497
2010-09-01,3.9488
2010-09-02,3.9488
2010-09-03,3.9442
2010-09-04,3.9442
2010-09-05,3.9442
2010-09-06,3.9455
2010-09-07,3.9462
2010-09-08,3.9468
2010-09-09,3.9452
2010-09-10,3.946
2010-09-11,3.946
2010-09-12,3.946
2010-09-13,3.9468
2010-09-14,3.9492
2010-09-15,3.9503
2010-09-16,3.9495
2010-09-17,3.9495
2010-09-18,3.9495
2010-09-19,3.9495
2010-09-20,3.9512
2010-09-21,3.9512
2010-09-22,3.9523
2010-09-23,3.9522
2010-09-24,3.9552
2010-09-25,3.9552
2010-09-26,3.9552
2010-09-27,3.9607
2010-09-28,3.9715
2010-09-29,3.9698
2010-09-30,3.9607
2010-10-01,3.9612
2010-10-02,3.9612
2010-10-03,3.9612
2010-10-04,3.9612
2010-10-05,3.959
2010-10-06,3.9587
2010-10-07,3.9595
2010-10-08,3.9573
2010-10-09,3.9573
2010-10-10,3.9573
2010-10-11,3.9573
2010-10-12,3.9558
2010-10-13,3.9532
2010-10-14,3.9513
2010-10-15,3.9503
2010-10-16,3.9503
2010-10-17,3.9503
2010-10-18,3.955
2010-10-19,3.9557
2010-10-20,3.9585
2010-10-21,3.9602
2010-10-22,3.9577
2010-10-23,3.9577
2010-10-24,3.9577
2010-10-25,3.9565
2010-10-26,3.9558
2010-10-27,3.9558
2010-10-28,3.9588
2010-10-29,3.957
2010-10-30,3.957
2010-10-31,3.957
2010-11-01,3.958
2010-11-02,3.9585
2010-11-03,3.9567
2010-11-04,3.9572
2010-11-05,3.9578
2010-11-06,3.9578
2010-11-07,3.9578
2010-11-08,3.9595
2010-11-09,3.9612
2010-11-10,3.9623
2010-11-11,3.9633
2010-11-12,3.9632
2010-11-13,3.9632
2010-11-14,3.9632
2010-11-15,3.9662
2010-11-16,3.9695
2010-11-17,3.976
2010-11-18,3.9725
2010-11-19,3.9735
2010-11-20,3.9735
2010-11-21,3.9735
2010-11-22,3.9735
2010-11-23,3.9742
2010-11-24,3.9732
2010-11-25,3.9735
2010-11-26,3.9768
2010-11-27,3.9768
2010-11-28,3.9768
2010-11-29,3.9825
2010-11-30,3.984
2010-12-01,3.9855
2010-12-02,3.9802
2010-12-03,3.9795
2010-12-04,3.9795
2010-12-05,3.9795
2010-12-06,3.9772
2010-12-07,3.9782
2010-12-08,3.9782
2010-12-09,3.9775
2010-12-10,3.9762
2010-12-11,3.9762
2010-12-12,3.9762
2010-12-13,3.974
2010-12-14,3.9732
2010-12-15,3.9738
2010-12-16,3.9755
2010-12-17,3.9755
2010-12-18,3.9755
2010-12-19,3.9755
2010-12-20,3.9748
2010-12-21,3.9745
2010-12-22,3.9738
2010-12-23,3.9753
2010-12-24,3.9753
2010-12-25,3.9753
2010-12-26,3.9753
2010-12-27,3.9845
2010-12-28,3.9857
2010-12-29,3.9818
2010-12-30,3.9758
2010-12-31,3.9758
2011-01-01,3.9758
2011-01-02,3.9758
2011-01-03,3.9738
2011-01-04,3.973
2011-01-05,3.9725
2011-01-06,3.9715
2011-01-07,3.9738
2011-01-08,3.9738
2011-01-09,3.9738
2011-01-10,3.9788
2011-01-11,3.977
2011-01-12,3.9765
2011-01-13,3.975
2011-01-14,3.9777
2011-01-15,3.9777
2011-01-16,3.9777
2011-01-17,3.9787
2011-01-18,3.9803
2011-01-19,3.9828
2011-01-20,3.9823
2011-01-21,3.9832
2011-01-22,3.9832
2011-01-23,3.9832
2011-01-24,3.9845
2011-01-25,3.9872
2011-01-26,3.9888
2011-01-27,3.9913
2011-01-28,3.998
2011-01-29,3.998
2011-01-30,3.998
2011-01-31,4.0008
2011-02-01,4.0088
2011-02-02,4.0107
2011-02-03,4.0143
2011-02-04,4.0172
2011-02-05,4.0172
2011-02-06,4.0172
2011-02-07,4.0187
2011-02-08,4.0192
2011-02-09,4.0167
2011-02-10,4.0183
2011-02-11,4.022
2011-02-12,4.022
2011-02-13,4.022
2011-02-14,4.0235
2011-02-15,4.0248
2011-02-16,4.0245
2011-02-17,4.024
2011-02-18,4.0248
2011-02-19,4.0248
2011-02-20,4.0248
2011-02-21,4.0273
2011-02-22,4.0282
2011-02-23,4.0288
2011-02-24,4.0282
2011-02-25,4.0287
2011-02-26,4.0287
2011-02-27,4.0287
2011-02-28,4.0305
2011-03-01,4.0308
2011-03-02,4.0315
2011-03-03,4.0298
2011-03-04,4.0298
2011-03-05,4.0298
2011-03-06,4.0298
2011-03-07,4.0298
2011-03-08,4.0298
2011-03-09,4.0325
2011-03-10,4.032
2011-03-11,4.0307
2011-03-12,4.0307
2011-03-13,4.0307
2011-03-14,4.0288
2011-03-15,4.0325
2011-03-16,4.0365
2011-03-17,4.0398
2011-03-18,4.0393
2011-03-19,4.0393
2011-03-20,4.0393
2011-03-21,4.0408
2011-03-22,4.0408
2011-03-23,4.0415
2011-03-24,4.0415
2011-03-25,4.0415
2011-03-26,4.0415
2011-03-27,4.0415
2011-03-28,4.0438
2011-03-29,4.0453
2011-03-30,4.0492
2011-03-31,4.052
2011-04-01,4.0542
2011-04-02,4.0542
2011-04-03,4.0542
2011-04-04,4.0522
2011-04-05,4.0525
2011-04-06,4.0535
2011-04-07,4.0535
2011-04-08,4.0502
2011-04-09,4.0502
2011-04-10,4.0502
2011-04-11,4.0495
2011-04-12,4.0498
2011-04-13,4.0553
2011-04-14,4.0652
2011-04-15,4.0688
2011-04-16,4.0688
2011-04-17,4.0688
2011-04-18,4.0733
2011-04-19,4.0752
2011-04-20,4.0782
2011-04-21,4.0782
2011-04-22,4.0782
2011-04-23,4.0782
2011-04-24,4.0782
2011-04-25,4.0828
2011-04-26,4.0822
2011-04-27,4.0835
2011-04-28,4.0837
2011-04-29,4.0805
2011-04-30,4.0805
2011-05-01,4.0805
2011-05-02,4.0805
2011-05-03,4.0788
2011-05-04,4.0795
2011-05-05,4.0812
2011-05-06,4.0805
2011-05-07,4.0805
2011-05-08,4.0805
2011-05-09,4.0822
2011-05-10,4.0818
2011-05-11,4.0822
2011-05-12,4.0833
2011-05-13,4.0828
2011-05-14,4.0828
2011-05-15,4.0828
2011-05-16,4.0845
2011-05-17,4.0852
2011-05-18,4.0858
2011-05-19,4.0855
2011-05-20,4.0865
2011-05-21,4.0865
2011-05-22,4.0865
2011-05-23,4.0862
2011-05-24,4.0865
2011-05-25,4.0865
2011-05-26,4.0865
2011-05-27,4.0857
2011-05-28,4.0857
2011-05-29,4.0857
2011-05-30,4.0877
2011-05-31,4.0887
2011-06-01,4.089
2011-06-02,4.0898
2011-06-03,4.0905
2011-06-04,4.0905
2011-06-05,4.0905
2011-06-06,4.0908
2011-06-07,4.0925
2011-06-08,4.0925
2011-06-09,4.0925
2011-06-10,4.0928
2011-06-11,4.0928
2011-06-12,4.0928
2011-06-13,4.0935
2011-06-14,4.0925
2011-06-15,4.0932
2011-06-16,4.0945
2011-06-17,4.0945
2011-06-18,4.0945
2011-06-19,4.0945
2011-06-20,4.0945
2011-06-21,4.097
2011-06-22,4.0982
2011-06-23,4.0992
2011-06-24,4.0998
2011-06-25,4.0998
2011-06-26,4.0998
2011-06-27,4.102
2011-06-28,4.1032
2011-06-29,4.107
2011-06-30,4.1110000000000015
2011-07-01,4.1105
2011-07-02,4.1105
2011-07-03,4.1105
2011-07-04,4.114
2011-07-05,4.1162
2011-07-06,4.1175
2011-07-07,4.1198
2011-07-08,4.123
2011-07-09,4.123
2011-07-10,4.123
2011-07-11,4.1227
2011-07-12,4.1225
2011-07-13,4.1218
2011-07-14,4.1225
2011-07-15,4.123
2011-07-16,4.123
2011-07-17,4.123
2011-07-18,4.1263
2011-07-19,4.1297
2011-07-20,4.1363
2011-07-21,4.1378
2011-07-22,4.1395
2011-07-23,4.1395
2011-07-24,4.1395
2011-07-25,4.1389999999999985
2011-07-26,4.1372
2011-07-27,4.138
2011-07-28,4.1398
2011-07-29,4.143
2011-07-30,4.143
2011-07-31,4.143
2011-08-01,4.146
2011-08-02,4.1478
2011-08-03,4.1502
2011-08-04,4.1530000000000005
2011-08-05,4.1545
2011-08-06,4.1545
2011-08-07,4.1545
2011-08-08,4.1568
2011-08-09,4.1562
2011-08-10,4.1572
2011-08-11,4.1585
2011-08-12,4.1592
2011-08-13,4.1592
2011-08-14,4.1592
2011-08-15,4.1595
2011-08-16,4.1623
2011-08-17,4.1655
2011-08-18,4.1713
2011-08-19,4.1772
2011-08-20,4.1772
2011-08-21,4.1772
2011-08-22,4.1772
2011-08-23,4.1828
2011-08-24,4.1863
2011-08-25,4.1868
2011-08-26,4.1855
2011-08-27,4.1855
2011-08-28,4.1855
2011-08-29,4.1875
2011-08-30,4.1917
2011-08-31,4.1995
2011-09-01,4.2063
2011-09-02,4.2173
2011-09-03,4.2173
2011-09-04,4.2173
2011-09-05,4.2092
2011-09-06,4.2077
2011-09-07,4.2065
2011-09-08,4.2052
2011-09-09,4.204
2011-09-10,4.204
2011-09-11,4.204
2011-09-12,4.2042
2011-09-13,4.2037
2011-09-14,4.2035
2011-09-15,4.2043
2011-09-16,4.2045
2011-09-17,4.2045
2011-09-18,4.2045
2011-09-19,4.2047
2011-09-20,4.1972
2011-09-21,4.191
2011-09-22,4.1978
2011-09-23,4.203
2011-09-24,4.203
2011-09-25,4.203
2011-09-26,4.2045
2011-09-27,4.2045
2011-09-28,4.2045
2011-09-29,4.2045
2011-09-30,4.2045
2011-10-01,4.2045
2011-10-02,4.2045
2011-10-03,4.2045
2011-10-04,4.2045
2011-10-05,4.2057
2011-10-06,4.2085
2011-10-07,4.2095
2011-10-08,4.2095
2011-10-09,4.2095
2011-10-10,4.2095
2011-10-11,4.2108
2011-10-12,4.2105
2011-10-13,4.2133
2011-10-14,4.2148
2011-10-15,4.2148
2011-10-16,4.2148
2011-10-17,4.222
2011-10-18,4.2245
2011-10-19,4.2318
2011-10-20,4.2345
2011-10-21,4.2345
2011-10-22,4.2345
2011-10-23,4.2345
2011-10-24,4.2355
2011-10-25,4.2355
2011-10-26,4.2358
2011-10-27,4.2353
2011-10-28,4.2355
2011-10-29,4.2355
2011-10-30,4.2355
2011-10-31,4.2355
2011-11-01,4.2377
2011-11-02,4.2478
2011-11-03,4.2503
2011-11-04,4.251
2011-11-05,4.251
2011-11-06,4.251
2011-11-07,4.2575
2011-11-08,4.26
2011-11-09,4.2605
2011-11-10,4.2613
2011-11-11,4.2648
2011-11-12,4.2648
2011-11-13,4.2648
2011-11-14,4.2715
2011-11-15,4.2727
2011-11-16,4.2595
2011-11-17,4.2572
2011-11-18,4.2567
2011-11-19,4.2567
2011-11-20,4.2567
2011-11-21,4.2575
2011-11-22,4.2593
2011-11-23,4.2608
2011-11-24,4.2628
2011-11-25,4.2633
2011-11-26,4.2633
2011-11-27,4.2633
2011-11-28,4.2633
2011-11-29,4.2695
2011-11-30,4.2807
2011-12-01,4.2832
2011-12-02,4.2842
2011-12-03,4.2842
2011-12-04,4.2842
2011-12-05,4.2860000000000005
2011-12-06,4.2812
2011-12-07,4.2780000000000005
2011-12-08,4.2780000000000005
2011-12-09,4.2780000000000005
2011-12-10,4.2780000000000005
2011-12-11,4.2780000000000005
2011-12-12,4.2792
2011-12-13,4.2795
2011-12-14,4.2802
2011-12-15,4.2823
2011-12-16,4.2875
2011-12-17,4.2875
2011-12-18,4.2875
2011-12-19,4.2921
2011-12-20,4.2925
2011-12-21,4.2928
2011-12-22,4.2922
2011-12-23,4.2927
2011-12-24,4.2927
2011-12-25,4.2927
2011-12-26,4.2927
2011-12-27,4.2955
2011-12-28,4.3012
2011-12-29,4.3035
2011-12-30,4.3032
2011-12-31,4.3032
2012-01-01,4.3032
2012-01-02,4.3032
2012-01-03,4.3052
2012-01-04,4.3048
2012-01-05,4.3067
2012-01-06,4.3152
2012-01-07,4.3152
2012-01-08,4.3152
2012-01-09,4.3182
2012-01-10,4.3133
2012-01-11,4.3133
2012-01-12,4.312
2012-01-13,4.3118
2012-01-14,4.3118
2012-01-15,4.3118
2012-01-16,4.3148
2012-01-17,4.317
2012-01-18,4.3188
2012-01-19,4.3207
2012-01-20,4.3222
2012-01-21,4.3222
2012-01-22,4.3222
2012-01-23,4.3257
2012-01-24,4.3312
2012-01-25,4.3365
2012-01-26,4.3383
2012-01-27,4.3367
2012-01-28,4.3367
2012-01-29,4.3367
2012-01-30,4.3345
2012-01-31,4.3362
2012-02-01,4.3357
2012-02-02,4.3347
2012-02-03,4.3337
2012-02-04,4.3337
2012-02-05,4.3337
2012-02-06,4.3342
2012-02-07,4.3368
2012-02-08,4.3398
2012-02-09,4.3448
2012-02-10,4.3463
2012-02-11,4.3463
2012-02-12,4.3463
2012-02-13,4.3463
2012-02-14,4.3473
2012-02-15,4.3492
2012-02-16,4.3522
2012-02-17,4.355
2012-02-18,4.355
2012-02-19,4.355
2012-02-20,4.355
2012-02-21,4.355
2012-02-22,4.3552
2012-02-23,4.355
2012-02-24,4.3548
2012-02-25,4.3548
2012-02-26,4.3548
2012-02-27,4.3548
2012-02-28,4.3558
2012-02-29,4.3565
2012-03-01,4.3548
2012-03-02,4.3433
2012-03-03,4.3433
2012-03-04,4.3433
2012-03-05,4.3345
2012-03-06,4.3353
2012-03-07,4.3362
2012-03-08,4.3368
2012-03-09,4.341
2012-03-10,4.341
2012-03-11,4.341
2012-03-12,4.3458
2012-03-13,4.3497
2012-03-14,4.356
2012-03-15,4.3557
2012-03-16,4.354
2012-03-17,4.354
2012-03-18,4.354
2012-03-19,4.3633
2012-03-20,4.364
2012-03-21,4.3668
2012-03-22,4.3655
2012-03-23,4.3667
2012-03-24,4.3667
2012-03-25,4.3667
2012-03-26,4.3697
2012-03-27,4.3725
2012-03-28,4.3735
2012-03-29,4.3753
2012-03-30,4.3785
2012-03-31,4.3785
2012-04-01,4.3785
2012-04-02,4.3785
2012-04-03,4.3798
2012-04-04,4.3843
2012-04-05,4.3843
2012-04-06,4.3843
2012-04-07,4.3843
2012-04-08,4.3843
2012-04-09,4.3868
2012-04-10,4.3835
2012-04-11,4.385
2012-04-12,4.3907
2012-04-13,4.3948
2012-04-14,4.3948
2012-04-15,4.3948
2012-04-16,4.3953
2012-04-17,4.3948
2012-04-18,4.3992
2012-04-19,4.4037
2012-04-20,4.4052
2012-04-21,4.4052
2012-04-22,4.4052
2012-04-23,4.407
2012-04-24,4.4098
2012-04-25,4.413
2012-04-26,4.4145
2012-04-27,4.4148
2012-04-28,4.4148
2012-04-29,4.4148
2012-04-30,4.4148
2012-05-01,4.4148
2012-05-02,4.4205
2012-05-03,4.4273
2012-05-04,4.4275
2012-05-05,4.4275
2012-05-06,4.4275
2012-05-07,4.4317
2012-05-08,4.4367
2012-05-09,4.4405
2012-05-10,4.4397
2012-05-11,4.438
2012-05-12,4.438
2012-05-13,4.438
2012-05-14,4.442
2012-05-15,4.4428
2012-05-16,4.4437
2012-05-17,4.4505
2012-05-18,4.4543
2012-05-19,4.4543
2012-05-20,4.4543
2012-05-21,4.4622
2012-05-22,4.4675
2012-05-23,4.4692
2012-05-24,4.4697
2012-05-25,4.4697
2012-05-26,4.4697
2012-05-27,4.4697
2012-05-28,4.477
2012-05-29,4.4735
2012-05-30,4.4723
2012-05-31,4.4713
2012-06-01,4.4708
2012-06-02,4.4708
2012-06-03,4.4708
2012-06-04,4.4733
2012-06-05,4.4787
2012-06-06,4.4903
2012-06-07,4.4863
2012-06-08,4.4853
2012-06-09,4.4853
2012-06-10,4.4853
2012-06-11,4.489
2012-06-12,4.4892
2012-06-13,4.4905
2012-06-14,4.495
2012-06-15,4.4965
2012-06-16,4.4965
2012-06-17,4.4965
2012-06-18,4.4995
2012-06-19,4.5028
2012-06-20,4.5028
2012-06-21,4.5052
2012-06-22,4.5103
2012-06-23,4.5103
2012-06-24,4.5103
2012-06-25,4.5133
2012-06-26,4.5168
2012-06-27,4.5157
2012-06-28,4.5213
2012-06-29,4.5253
2012-06-30,4.5253
2012-07-01,4.5253
2012-07-02,4.53
2012-07-03,4.5258
2012-07-04,4.5255
2012-07-05,4.5275
2012-07-06,4.5322
2012-07-07,4.5322
2012-07-08,4.5322
2012-07-09,4.5322
2012-07-10,4.5385
2012-07-11,4.5403
2012-07-12,4.543
2012-07-13,4.5478
2012-07-14,4.5478
2012-07-15,4.5478
2012-07-16,4.5483
2012-07-17,4.5512
2012-07-18,4.5533
2012-07-19,4.5583
2012-07-20,4.562
2012-07-21,4.562
2012-07-22,4.562
2012-07-23,4.5688
2012-07-24,4.5707
2012-07-25,4.5712
2012-07-26,4.5717
2012-07-27,4.5783
2012-07-28,4.5783
2012-07-29,4.5783
2012-07-30,4.5813
2012-07-31,4.5833
2012-08-01,4.5862
2012-08-02,4.587
2012-08-03,4.5877
2012-08-04,4.5877
2012-08-05,4.5877
2012-08-06,4.5907
2012-08-07,4.5939999999999985
2012-08-08,4.5973
2012-08-09,4.5992
2012-08-10,4.6012
2012-08-11,4.6012
2012-08-12,4.6012
2012-08-13,4.6047
2012-08-14,4.6062
2012-08-15,4.6075
2012-08-16,4.6092
2012-08-17,4.6138
2012-08-18,4.6138
2012-08-19,4.6138
2012-08-20,4.6138
2012-08-21,4.6187
2012-08-22,4.6178
2012-08-23,4.6173
2012-08-24,4.6202
2012-08-25,4.6202
2012-08-26,4.6202
2012-08-27,4.6287
2012-08-28,4.6322
2012-08-29,4.6312
2012-08-30,4.6307
2012-08-31,4.6347
2012-09-01,4.6347
2012-09-02,4.6347
2012-09-03,4.6423
2012-09-04,4.6448
2012-09-05,4.6505
2012-09-06,4.6535
2012-09-07,4.6585
2012-09-08,4.6585
2012-09-09,4.6585
2012-09-10,4.662
2012-09-11,4.6623
2012-09-12,4.6622
2012-09-13,4.6627
2012-09-14,4.6685
2012-09-15,4.6685
2012-09-16,4.6685
2012-09-17,4.6737
2012-09-18,4.675
2012-09-19,4.6802
2012-09-20,4.6822
2012-09-21,4.6842
2012-09-22,4.6842
2012-09-23,4.6842
2012-09-24,4.6842
2012-09-25,4.6897
2012-09-26,4.69
2012-09-27,4.6915
2012-09-28,4.6942
2012-09-29,4.6942
2012-09-30,4.6942
2012-10-01,4.6992
2012-10-02,4.6998
2012-10-03,4.7012
2012-10-04,4.7038
2012-10-05,4.7077
2012-10-06,4.7077
2012-10-07,4.7077
2012-10-08,4.7077
2012-10-09,4.7128
2012-10-10,4.7135
2012-10-11,4.7195
2012-10-12,4.7227
2012-10-13,4.7227
2012-10-14,4.7227
2012-10-15,4.7255
2012-10-16,4.7293
2012-10-17,4.7325
2012-10-18,4.7332
2012-10-19,4.7368
2012-10-20,4.7368
2012-10-21,4.7368
2012-10-22,4.7432
2012-10-23,4.744
2012-10-24,4.7467
2012-10-25,4.7508
2012-10-26,4.7532
2012-10-27,4.7532
2012-10-28,4.7532
2012-10-29,4.7558
2012-10-30,4.76
2012-10-31,4.7655
2012-11-01,4.77
2012-11-02,4.7708
2012-11-03,4.7708
2012-11-04,4.7708
2012-11-05,4.7722
2012-11-06,4.7722
2012-11-07,4.7715
2012-11-08,4.7725
2012-11-09,4.777
2012-11-10,4.777
2012-11-11,4.777
2012-11-12,4.7822
2012-11-13,4.7832
2012-11-14,4.7855
2012-11-15,4.7908
2012-11-16,4.798
2012-11-17,4.798
2012-11-18,4.798
2012-11-19,4.8028
2012-11-20,4.8058
2012-11-21,4.809
2012-11-22,4.8235
2012-11-23,4.8210000000000015
2012-11-24,4.8210000000000015
2012-11-25,4.8210000000000015
2012-11-26,4.8210000000000015
2012-11-27,4.8227
2012-11-28,4.8253
2012-11-29,4.8302
2012-11-30,4.8338
2012-12-01,4.8338
2012-12-02,4.8338
2012-12-03,4.8398
2012-12-04,4.8445
2012-12-05,4.8505
2012-12-06,4.8542
2012-12-07,4.8617
2012-12-08,4.8617
2012-12-09,4.8617
2012-12-10,4.8632
2012-12-11,4.8655
2012-12-12,4.8718
2012-12-13,4.8735
2012-12-14,4.877
2012-12-15,4.877
2012-12-16,4.877
2012-12-17,4.8832
2012-12-18,4.886
2012-12-19,4.8948
2012-12-20,4.8987
2012-12-21,4.9032
2012-12-22,4.9032
2012-12-23,4.9032
2012-12-24,4.9032
2012-12-25,4.9032
2012-12-26,4.91
2012-12-27,4.9125
2012-12-28,4.913
2012-12-29,4.913
2012-12-30,4.913
2012-12-31,4.9173
2013-01-01,4.9173
2013-01-02,4.9228
2013-01-03,4.9263
2013-01-04,4.9262
2013-01-05,4.9262
2013-01-06,4.9262
2013-01-07,4.9288
2013-01-08,4.9312
2013-01-09,4.9353
2013-01-10,4.9385
2013-01-11,4.9408
2013-01-12,4.9408
2013-01-13,4.9408
2013-01-14,4.948
2013-01-15,4.9507
2013-01-16,4.9493
2013-01-17,4.9495
2013-01-18,4.95
2013-01-19,4.95
2013-01-20,4.95
2013-01-21,4.9563
2013-01-22,4.9588
2013-01-23,4.9608
2013-01-24,4.9625
2013-01-25,4.964
2013-01-26,4.964
2013-01-27,4.964
2013-01-28,4.9702
2013-01-29,4.974
2013-01-30,4.9768
2013-01-31,4.9768
2013-02-01,4.9828
2013-02-02,4.9828
2013-02-03,4.9828
2013-02-04,4.9825
2013-02-05,4.9833
2013-02-06,4.9855
2013-02-07,4.9913
2013-02-08,4.9963
2013-02-09,4.9963
2013-02-10,4.9963
2013-02-11,4.9963
2013-02-12,4.9963
2013-02-13,5.002
2013-02-14,5.0047
2013-02-15,5.0088
2013-02-16,5.0088
2013-02-17,5.0088
2013-02-18,5.0187
2013-02-19,5.0215
2013-02-20,5.0215
2013-02-21,5.0275
2013-02-22,5.03
2013-02-23,5.03
2013-02-24,5.03
2013-02-25,5.0337
2013-02-26,5.0358
2013-02-27,5.0392
2013-02-28,5.0448
2013-03-01,5.0475
2013-03-02,5.0475
2013-03-03,5.0475
2013-03-04,5.0523
2013-03-05,5.0555
2013-03-06,5.0592
2013-03-07,5.0628
2013-03-08,5.0648
2013-03-09,5.0648
2013-03-10,5.0648
2013-03-11,5.0692
2013-03-12,5.0765
2013-03-13,5.0788
2013-03-14,5.0843
2013-03-15,5.0902
2013-03-16,5.0902
2013-03-17,5.0902
2013-03-18,5.0967
2013-03-19,5.0967
2013-03-20,5.0958
2013-03-21,5.0997
2013-03-22,5.1077
2013-03-23,5.1077
2013-03-24,5.1077
2013-03-25,5.1160000000000005
2013-03-26,5.1193
2013-03-27,5.1223
2013-03-28,5.1223
2013-03-29,5.1223
2013-03-30,5.1223
2013-03-31,5.1223
2013-04-01,5.1223
2013-04-02,5.1223
2013-04-03,5.1303
2013-04-04,5.1328
2013-04-05,5.1370000000000005
2013-04-06,5.1370000000000005
2013-04-07,5.1370000000000005
2013-04-08,5.1345
2013-04-09,5.1373
2013-04-10,5.14
2013-04-11,5.1432
2013-04-12,5.1468
2013-04-13,5.1468
2013-04-14,5.1468
2013-04-15,5.1522
2013-04-16,5.1552
2013-04-17,5.1558
2013-04-18,5.158
2013-04-19,5.1613
2013-04-20,5.1613
2013-04-21,5.1613
2013-04-22,5.1667
2013-04-23,5.1693
2013-04-24,5.1747
2013-04-25,5.1753
2013-04-26,5.1752
2013-04-27,5.1752
2013-04-28,5.1752
2013-04-29,5.1805
2013-04-30,5.184
2013-05-01,5.184
2013-05-02,5.1898
2013-05-03,5.1968
2013-05-04,5.1968
2013-05-05,5.1968
2013-05-06,5.2065
2013-05-07,5.2095
2013-05-08,5.212999999999999
2013-05-09,5.2197
2013-05-10,5.2268
2013-05-11,5.2268
2013-05-12,5.2268
2013-05-13,5.2313
2013-05-14,5.2360000000000015
2013-05-15,5.2355
2013-05-16,5.234
2013-05-17,5.2343
2013-05-18,5.2343
2013-05-19,5.2343
2013-05-20,5.2423
2013-05-21,5.2472
2013-05-22,5.2512
2013-05-23,5.2602
2013-05-24,5.2662
2013-05-25,5.2662
2013-05-26,5.2662
2013-05-27,5.2685
2013-05-28,5.2702
2013-05-29,5.2743
2013-05-30,5.2798
2013-05-31,5.2837
2013-06-01,5.2837
2013-06-02,5.2837
2013-06-03,5.2875
2013-06-04,5.2895
2013-06-05,5.2917
2013-06-06,5.2955
2013-06-07,5.2995
2013-06-08,5.2995
2013-06-09,5.2995
2013-06-10,5.3052
2013-06-11,5.3093
2013-06-12,5.3167
2013-06-13,5.325
2013-06-14,5.3302
2013-06-15,5.3302
2013-06-16,5.3302
2013-06-17,5.3368
2013-06-18,5.3395
2013-06-19,5.3467
2013-06-20,5.3467
2013-06-21,5.3467
2013-06-22,5.3467
2013-06-23,5.3467
2013-06-24,5.3592
2013-06-25,5.3635
2013-06-26,5.3688
2013-06-27,5.3758
2013-06-28,5.3852
2013-06-29,5.3852
2013-06-30,5.3852
2013-07-01,5.39
2013-07-02,5.3932
2013-07-03,5.399
2013-07-04,5.405
2013-07-05,5.4048
2013-07-06,5.4048
2013-07-07,5.4048
2013-07-08,5.4073
2013-07-09,5.4073
2013-07-10,5.4125
2013-07-11,5.4183
2013-07-12,5.4242
2013-07-13,5.4242
2013-07-14,5.4242
2013-07-15,5.4303
2013-07-16,5.4345
2013-07-17,5.4383
2013-07-18,5.4465
2013-07-19,5.4593
2013-07-20,5.4593
2013-07-21,5.4593
2013-07-22,5.4623
2013-07-23,5.4617
2013-07-24,5.4638
2013-07-25,5.471
2013-07-26,5.4807
2013-07-27,5.4807
2013-07-28,5.4807
2013-07-29,5.4908
2013-07-30,5.4993
2013-07-31,5.5065
2013-08-01,5.5082
2013-08-02,5.5173
2013-08-03,5.5173
2013-08-04,5.5173
2013-08-05,5.5202
2013-08-06,5.5275
2013-08-07,5.5285
2013-08-08,5.5377
2013-08-09,5.5428
2013-08-10,5.5428
2013-08-11,5.5428
2013-08-12,5.5493
2013-08-13,5.5603
2013-08-14,5.5682
2013-08-15,5.5748
2013-08-16,5.5892
2013-08-17,5.5892
2013-08-18,5.5892
2013-08-19,5.5892
2013-08-20,5.5962
2013-08-21,5.6008
2013-08-22,5.6115
2013-08-23,5.6217
2013-08-24,5.6217
2013-08-25,5.6217
2013-08-26,5.6302
2013-08-27,5.6428
2013-08-28,5.6492
2013-08-29,5.6610000000000005
2013-08-30,5.6713
2013-08-31,5.6713
2013-09-01,5.6713
2013-09-02,5.6845
2013-09-03,5.691
2013-09-04,5.7
2013-09-05,5.7097
2013-09-06,5.7027
2013-09-07,5.7027
2013-09-08,5.7027
2013-09-09,5.7038
2013-09-10,5.7102
2013-09-11,5.7207
2013-09-12,5.7195
2013-09-13,5.7238
2013-09-14,5.7238
2013-09-15,5.7238
2013-09-16,5.7313
2013-09-17,5.7408
2013-09-18,5.7498
2013-09-19,5.7578
2013-09-20,5.7597
2013-09-21,5.7597
2013-09-22,5.7597
2013-09-23,5.7703
2013-09-24,5.7713
2013-09-25,5.771
2013-09-26,5.7797
2013-09-27,5.7905
2013-09-28,5.7905
2013-09-29,5.7905
2013-09-30,5.7915
2013-10-01,5.7995
2013-10-02,5.8028
2013-10-03,5.8118
2013-10-04,5.8128
2013-10-05,5.8128
2013-10-06,5.8128
2013-10-07,5.8188
2013-10-08,5.822
2013-10-09,5.8228
2013-10-10,5.8278
2013-10-11,5.8325
2013-10-12,5.8325
2013-10-13,5.8325
2013-10-14,5.8325
2013-10-15,5.8388
2013-10-16,5.841
2013-10-17,5.8488
2013-10-18,5.8528
2013-10-19,5.8528
2013-10-20,5.8528
2013-10-21,5.8610000000000015
2013-10-22,5.8617
2013-10-23,5.8628
2013-10-24,5.8682
2013-10-25,5.877999999999999
2013-10-26,5.877999999999999
2013-10-27,5.877999999999999
2013-10-28,5.8897
2013-10-29,5.8927
2013-10-30,5.9032
2013-10-31,5.9108
2013-11-01,5.9215
2013-11-02,5.9215
2013-11-03,5.9215
2013-11-04,5.9403
2013-11-05,5.9529999999999985
2013-11-06,5.9529999999999985
2013-11-07,5.9432
2013-11-08,5.9595
2013-11-09,5.9595
2013-11-10,5.9595
2013-11-11,5.9713
2013-11-12,5.9742
2013-11-13,5.9765
2013-11-14,5.9858
2013-11-15,5.9932
2013-11-16,5.9932
2013-11-17,5.9932
2013-11-18,6.002000000000002
2013-11-19,6.0248
2013-11-20,6.0442
2013-11-21,6.0577
2013-11-22,6.0765
2013-11-23,6.0765
2013-11-24,6.0765
2013-11-25,6.0765
2013-11-26,6.0933
2013-11-27,6.1065
2013-11-28,6.1243
2013-11-29,6.136
2013-11-30,6.136
2013-12-01,6.136
2013-12-02,6.1547
2013-12-03,6.1713
2013-12-04,6.1973
2013-12-05,6.2203
2013-12-06,6.2407
2013-12-07,6.2407
2013-12-08,6.2407
2013-12-09,6.2458
2013-12-10,6.2623
2013-12-11,6.2738
2013-12-12,6.2808
2013-12-13,6.2908
2013-12-14,6.2908
2013-12-15,6.2908
2013-12-16,6.305
2013-12-17,6.3282
2013-12-18,6.356
2013-12-19,6.3977
2013-12-20,6.4205
2013-12-21,6.4205
2013-12-22,6.4205
2013-12-23,6.4408
2013-12-24,6.4408
2013-12-25,6.4408
2013-12-26,6.4712
2013-12-27,6.4892
2013-12-28,6.4892
2013-12-29,6.4892
2013-12-30,6.518
2013-12-31,6.518
2014-01-01,6.518
2014-01-02,6.542999999999998
2014-01-03,6.558
2014-01-04,6.558
2014-01-05,6.558
2014-01-06,6.5857
2014-01-07,6.5988
2014-01-08,6.6042
2014-01-09,6.6283
2014-01-10,6.6498
2014-01-11,6.6498
2014-01-12,6.6498
2014-01-13,6.6905
2014-01-14,6.707999999999998
2014-01-15,6.7408
2014-01-16,6.7733
2014-01-17,6.8055
2014-01-18,6.8055
2014-01-19,6.8055
2014-01-20,6.8295
2014-01-21,6.8763
2014-01-22,6.912000000000001
2014-01-23,7.5272
2014-01-24,8.0183
2014-01-25,8.0183
2014-01-26,8.0183
2014-01-27,8.0058
2014-01-28,8.0173
2014-01-29,8.015
2014-01-30,8.0225
2014-01-31,8.0182
2014-02-01,8.0182
2014-02-02,8.0182
2014-02-03,8.0178
2014-02-04,8.0118
2014-02-05,7.9667
2014-02-06,7.905
2014-02-07,7.8648
2014-02-08,7.8648
2014-02-09,7.8648
2014-02-10,7.8383
2014-02-11,7.8173
2014-02-12,7.8165
2014-02-13,7.803
2014-02-14,7.7803
2014-02-15,7.7803
2014-02-16,7.7803
2014-02-17,7.7645
2014-02-18,7.7635
2014-02-19,7.7745
2014-02-20,7.8023
2014-02-21,7.8408
2014-02-22,7.8408
2014-02-23,7.8408
2014-02-24,7.8610000000000015
2014-02-25,7.864
2014-02-26,7.872999999999998
2014-02-27,7.8873
2014-02-28,7.8782
2014-03-01,7.8782
2014-03-02,7.8782
2014-03-03,7.8782
2014-03-04,7.8782
2014-03-05,7.8822
2014-03-06,7.8782
2014-03-07,7.8657
2014-03-08,7.8657
2014-03-09,7.8657
2014-03-10,7.8665
2014-03-11,7.8675
2014-03-12,7.8747
2014-03-13,7.8832
2014-03-14,7.8953
2014-03-15,7.8953
2014-03-16,7.8953
2014-03-17,7.909
2014-03-18,7.9348
2014-03-19,7.9545
2014-03-20,7.9592
2014-03-21,7.9707
2014-03-22,7.9707
2014-03-23,7.9707
2014-03-24,7.9707
2014-03-25,7.9955
2014-03-26,8.0053
2014-03-27,8.0065
2014-03-28,8.0048
2014-03-29,8.0048
2014-03-30,8.0048
2014-03-31,8.0098
2014-04-01,8.0012
2014-04-02,8.0012
2014-04-03,8.0028
2014-04-04,8.0008
2014-04-05,8.0008
2014-04-06,8.0008
2014-04-07,8.0018
2014-04-08,8.0013
2014-04-09,8.0008
2014-04-10,8.0012
2014-04-11,8.0013
2014-04-12,8.0013
2014-04-13,8.0013
2014-04-14,8.0018
2014-04-15,8.002
2014-04-16,8.0007
2014-04-17,8.0007
2014-04-18,8.0007
2014-04-19,8.0007
2014-04-20,8.0007
2014-04-21,8.002
2014-04-22,8.0015
2014-04-23,8.0008
2014-04-24,8.0008
2014-04-25,8.0005
2014-04-26,8.0005
2014-04-27,8.0005
2014-04-28,8.0005
2014-04-29,8.0005
2014-04-30,8.0015
2014-05-01,8.0015
2014-05-02,8.0015
2014-05-03,8.0015
2014-05-04,8.0015
2014-05-05,8.0012
2014-05-06,8.0005
2014-05-07,8.0005
2014-05-08,8.0008
2014-05-09,8.0035
2014-05-10,8.0035
2014-05-11,8.0035
2014-05-12,8.0063
2014-05-13,8.0197
2014-05-14,8.0287
2014-05-15,8.0535
2014-05-16,8.0605
2014-05-17,8.0605
2014-05-18,8.0605
2014-05-19,8.0632
2014-05-20,8.0602
2014-05-21,8.0613
2014-05-22,8.0632
2014-05-23,8.0653
2014-05-24,8.0653
2014-05-25,8.0653
2014-05-26,8.0692
2014-05-27,8.0677
2014-05-28,8.0745
2014-05-29,8.0758
2014-05-30,8.0777
2014-05-31,8.0777
2014-06-01,8.0777
2014-06-02,8.0825
2014-06-03,8.0893
2014-06-04,8.1032
2014-06-05,8.115
2014-06-06,8.1412
2014-06-07,8.1412
2014-06-08,8.1412
2014-06-09,8.1308
2014-06-10,8.1322
2014-06-11,8.132
2014-06-12,8.1322
2014-06-13,8.1325
2014-06-14,8.1325
2014-06-15,8.1325
2014-06-16,8.1362
2014-06-17,8.1313
2014-06-18,8.1297
2014-06-19,8.1317
2014-06-20,8.1317
2014-06-21,8.1317
2014-06-22,8.1317
2014-06-23,8.1323
2014-06-24,8.1312
2014-06-25,8.1305
2014-06-26,8.1318
2014-06-27,8.132
2014-06-28,8.132
2014-06-29,8.132
2014-06-30,8.1327
2014-07-01,8.1345
2014-07-02,8.138
2014-07-03,8.1393
2014-07-04,8.1437
2014-07-05,8.1437
2014-07-06,8.1437
2014-07-07,8.1415
2014-07-08,8.1418
2014-07-09,8.1418
2014-07-10,8.1463
2014-07-11,8.1502
2014-07-12,8.1502
2014-07-13,8.1502
2014-07-14,8.1538
2014-07-15,8.152999999999999
2014-07-16,8.1525
2014-07-17,8.1555
2014-07-18,8.1577
2014-07-19,8.1577
2014-07-20,8.1577
2014-07-21,8.1628
2014-07-22,8.164
2014-07-23,8.1685
2014-07-24,8.173
2014-07-25,8.1768
2014-07-26,8.1768
2014-07-27,8.1768
2014-07-28,8.1835
2014-07-29,8.1883
2014-07-30,8.198
2014-07-31,8.2102
2014-08-01,8.2243
2014-08-02,8.2243
2014-08-03,8.2243
2014-08-04,8.2492
2014-08-05,8.2663
2014-08-06,8.2705
2014-08-07,8.2727
2014-08-08,8.2713
2014-08-09,8.2713
2014-08-10,8.2713
2014-08-11,8.2738
2014-08-12,8.2718
2014-08-13,8.2732
2014-08-14,8.2762
2014-08-15,8.2803
2014-08-16,8.2803
2014-08-17,8.2803
2014-08-18,8.2803
2014-08-19,8.2845
2014-08-20,8.2952
2014-08-21,8.353
2014-08-22,8.4245
2014-08-23,8.4245
2014-08-24,8.4245
2014-08-25,8.4125
2014-08-26,8.411
2014-08-27,8.4077
2014-08-28,8.4052
2014-08-29,8.404
2014-08-30,8.404
2014-08-31,8.404
2014-09-01,8.4087
2014-09-02,8.4103
2014-09-03,8.4135
2014-09-04,8.4018
2014-09-05,8.412
2014-09-06,8.412
2014-09-07,8.412
2014-09-08,8.42
2014-09-09,8.4087
2014-09-10,8.4045
2014-09-11,8.4023
2014-09-12,8.4022
2014-09-13,8.4022
2014-09-14,8.4022
2014-09-15,8.4035
2014-09-16,8.4032
2014-09-17,8.4082
2014-09-18,8.4237
2014-09-19,8.4235
2014-09-20,8.4235
2014-09-21,8.4235
2014-09-22,8.4288
2014-09-23,8.432
2014-09-24,8.4272
2014-09-25,8.4255
2014-09-26,8.4402
2014-09-27,8.4402
2014-09-28,8.4402
2014-09-29,8.46
2014-09-30,8.4643
2014-10-01,8.4475
2014-10-02,8.4478
2014-10-03,8.459
2014-10-04,8.459
2014-10-05,8.459
2014-10-06,8.4645
2014-10-07,8.467
2014-10-08,8.4643
2014-10-09,8.474
2014-10-10,8.4782
2014-10-11,8.4782
2014-10-12,8.4782
2014-10-13,8.4782
2014-10-14,8.4752
2014-10-15,8.478
2014-10-16,8.4785
2014-10-17,8.4765
2014-10-18,8.4765
2014-10-19,8.4765
2014-10-20,8.4837
2014-10-21,8.4953
2014-10-22,8.4915
2014-10-23,8.4895
2014-10-24,8.4917
2014-10-25,8.4917
2014-10-26,8.4917
2014-10-27,8.496
2014-10-28,8.501
2014-10-29,8.5027
2014-10-30,8.5027
2014-10-31,8.5023
2014-11-01,8.5023
2014-11-02,8.5023
2014-11-03,8.507
2014-11-04,8.5065
2014-11-05,8.5087
2014-11-06,8.5087
2014-11-07,8.509
2014-11-08,8.509
2014-11-09,8.509
2014-11-10,8.5127
2014-11-11,8.5122
2014-11-12,8.5115
2014-11-13,8.5102
2014-11-14,8.5115
2014-11-15,8.5115
2014-11-16,8.5115
2014-11-17,8.5115
2014-11-18,8.513
2014-11-19,8.5137
2014-11-20,8.5147
2014-11-21,8.5158
2014-11-22,8.5158
2014-11-23,8.5158
2014-11-24,8.5158
2014-11-25,8.5197
2014-11-26,8.5232
2014-11-27,8.526
2014-11-28,8.5255
2014-11-29,8.5255
2014-11-30,8.5255
2014-12-01,8.5263
2014-12-02,8.5362
2014-12-03,8.5415
2014-12-04,8.5445
2014-12-05,8.5522
2014-12-06,8.5522
2014-12-07,8.5522
2014-12-08,8.5522
2014-12-09,8.5555
2014-12-10,8.5538
2014-12-11,8.5535
2014-12-12,8.5527
2014-12-13,8.5527
2014-12-14,8.5527
2014-12-15,8.5533
2014-12-16,8.5517
2014-12-17,8.5517
2014-12-18,8.5518
2014-12-19,8.5518
2014-12-20,8.5518
2014-12-21,8.5518
2014-12-22,8.5523
2014-12-23,8.5518
2014-12-24,8.554
2014-12-25,8.554
2014-12-26,8.554
2014-12-27,8.554
2014-12-28,8.554
2014-12-29,8.554
2014-12-30,8.552
2014-12-31,8.552
2015-01-01,8.552
2015-01-02,8.5537
2015-01-03,8.5537
2015-01-04,8.5537
2015-01-05,8.5573
2015-01-06,8.5668
2015-01-07,8.5788
2015-01-08,8.59
2015-01-09,8.5927
2015-01-10,8.5927
2015-01-11,8.5927
2015-01-12,8.5933
2015-01-13,8.5937
2015-01-14,8.5955
2015-01-15,8.5972
2015-01-16,8.599
2015-01-17,8.599
2015-01-18,8.599
2015-01-19,8.604
2015-01-20,8.6082
2015-01-21,8.612
2015-01-22,8.6205
2015-01-23,8.626
2015-01-24,8.626
2015-01-25,8.626
2015-01-26,8.6287
2015-01-27,8.6288
2015-01-28,8.6313
2015-01-29,8.633
2015-01-30,8.6395
2015-01-31,8.6395
2015-02-01,8.6395
2015-02-02,8.6488
2015-02-03,8.6603
2015-02-04,8.6623
2015-02-05,8.6625
2015-02-06,8.6615
2015-02-07,8.6615
2015-02-08,8.6615
2015-02-09,8.6647
2015-02-10,8.6702
2015-02-11,8.6753
2015-02-12,8.6788
2015-02-13,8.6825
2015-02-14,8.6825
2015-02-15,8.6825
2015-02-16,8.6825
2015-02-17,8.6825
2015-02-18,8.6898
2015-02-19,8.6933
2015-02-20,8.7008
2015-02-21,8.7008
2015-02-22,8.7008
2015-02-23,8.7072
2015-02-24,8.7153
2015-02-25,8.7218
2015-02-26,8.726
2015-02-27,8.7243
2015-02-28,8.7243
2015-03-01,8.7243
2015-03-02,8.731
2015-03-03,8.736
2015-03-04,8.743
2015-03-05,8.7473
2015-03-06,8.7557
2015-03-07,8.7557
2015-03-08,8.7557
2015-03-09,8.7612
2015-03-10,8.7682
2015-03-11,8.7748
2015-03-12,8.7787
2015-03-13,8.783
2015-03-14,8.783
2015-03-15,8.783
2015-03-16,8.7833
2015-03-17,8.7855
2015-03-18,8.7913
2015-03-19,8.7933
2015-03-20,8.7963
2015-03-21,8.7963
2015-03-22,8.7963
2015-03-23,8.7963
2015-03-24,8.7963
2015-03-25,8.8023
2015-03-26,8.804
2015-03-27,8.809
2015-03-28,8.809
2015-03-29,8.809
2015-03-30,8.8158
2015-03-31,8.8197
2015-04-01,8.826
2015-04-02,8.826
2015-04-03,8.826
2015-04-04,8.826
2015-04-05,8.826
2015-04-06,8.8295
2015-04-07,8.8343
2015-04-08,8.8388
2015-04-09,8.8435
2015-04-10,8.8482
2015-04-11,8.8482
2015-04-12,8.8482
2015-04-13,8.8543
2015-04-14,8.8578
2015-04-15,8.8638
2015-04-16,8.8673
2015-04-17,8.8668
2015-04-18,8.8668
2015-04-19,8.8668
2015-04-20,8.8692
2015-04-21,8.8728
2015-04-22,8.8772
2015-04-23,8.8823
2015-04-24,8.8878
2015-04-25,8.8878
2015-04-26,8.8878
2015-04-27,8.8935
2015-04-28,8.8975
2015-04-29,8.8995
2015-04-30,8.9047
2015-05-01,8.9047
2015-05-02,8.9047
2015-05-03,8.9047
2015-05-04,8.9103
2015-05-05,8.9142
2015-05-06,8.919
2015-05-07,8.9232
2015-05-08,8.927
2015-05-09,8.927
2015-05-10,8.927
2015-05-11,8.9318
2015-05-12,8.9357
2015-05-13,8.9388
2015-05-14,8.943999999999997
2015-05-15,8.9475
2015-05-16,8.9475
2015-05-17,8.9475
2015-05-18,8.951
2015-05-19,8.9568
2015-05-20,8.9607
2015-05-21,8.9657
2015-05-22,8.9698
2015-05-23,8.9698
2015-05-24,8.9698
2015-05-25,8.9698
2015-05-26,8.9745
2015-05-27,8.981
2015-05-28,8.9848
2015-05-29,8.9893
2015-05-30,8.9893
2015-05-31,8.9893
2015-06-01,8.9965
2015-06-02,9.0008
2015-06-03,9.005
2015-06-04,9.0095
2015-06-05,9.0143
2015-06-06,9.0143
2015-06-07,9.0143
2015-06-08,9.018
2015-06-09,9.0223
2015-06-10,9.0282
2015-06-11,9.0325
2015-06-12,9.036
2015-06-13,9.036
2015-06-14,9.036
2015-06-15,9.0403
2015-06-16,9.045
2015-06-17,9.0477
2015-06-18,9.0522
2015-06-19,9.0565
2015-06-20,9.0565
2015-06-21,9.0565
2015-06-22,9.0605
2015-06-23,9.0645
2015-06-24,9.069
2015-06-25,9.0723
2015-06-26,9.0767
2015-06-27,9.0767
2015-06-28,9.0767
2015-06-29,9.0818
2015-06-30,9.0865
2015-07-01,9.092
2015-07-02,9.0973
2015-07-03,9.1022
2015-07-04,9.1022
2015-07-05,9.1022
2015-07-06,9.1072
2015-07-07,9.1127
2015-07-08,9.117
2015-07-09,9.117
2015-07-10,9.122
2015-07-11,9.122
2015-07-12,9.122
2015-07-13,9.1273
2015-07-14,9.132
2015-07-15,9.1362
2015-07-16,9.1415
2015-07-17,9.1462
2015-07-18,9.1462
2015-07-19,9.1462
2015-07-20,9.1503
2015-07-21,9.1548
2015-07-22,9.16
2015-07-23,9.1643
2015-07-24,9.1683
2015-07-25,9.1683
2015-07-26,9.1683
2015-07-27,9.1727
2015-07-28,9.1778
2015-07-29,9.1815
2015-07-30,9.1843
2015-07-31,9.1873
2015-08-01,9.1873
2015-08-02,9.1873
2015-08-03,9.1937
2015-08-04,9.1987
2015-08-05,9.2035
2015-08-06,9.2088
2015-08-07,9.2135
2015-08-08,9.2135
2015-08-09,9.2135
2015-08-10,9.2183
2015-08-11,9.2243
2015-08-12,9.2312
2015-08-13,9.2362
2015-08-14,9.2408
2015-08-15,9.2408
2015-08-16,9.2408
2015-08-17,9.2408
2015-08-18,9.2455
2015-08-19,9.2505
2015-08-20,9.255
2015-08-21,9.2598
2015-08-22,9.2598
2015-08-23,9.2598
2015-08-24,9.2662
2015-08-25,9.272
2015-08-26,9.278
2015-08-27,9.284
2015-08-28,9.2898
2015-08-29,9.2898
2015-08-30,9.2898
2015-08-31,9.2955
2015-09-01,9.302
2015-09-02,9.3088
2015-09-03,9.315
2015-09-04,9.3237
2015-09-05,9.3237
2015-09-06,9.3237
2015-09-07,9.3338
2015-09-08,9.3347
2015-09-09,9.343
2015-09-10,9.349
2015-09-11,9.3533
2015-09-12,9.3533
2015-09-13,9.3533
2015-09-14,9.3572
2015-09-15,9.3638
2015-09-16,9.3693
2015-09-17,9.375
2015-09-18,9.3803
2015-09-19,9.3803
2015-09-20,9.3803
2015-09-21,9.3858
2015-09-22,9.3917
2015-09-23,9.3978
2015-09-24,9.4023
2015-09-25,9.4053
2015-09-26,9.4053
2015-09-27,9.4053
2015-09-28,9.4095
2015-09-29,9.4147
2015-09-30,9.4192
2015-10-01,9.4273
2015-10-02,9.4355
2015-10-03,9.4355
2015-10-04,9.4355
2015-10-05,9.4408
2015-10-06,9.4492
2015-10-07,9.4537
2015-10-08,9.4608
2015-10-09,9.4655
2015-10-10,9.4655
2015-10-11,9.4655
2015-10-12,9.4655
2015-10-13,9.4712
2015-10-14,9.4802
2015-10-15,9.483
2015-10-16,9.4888
2015-10-17,9.4888
2015-10-18,9.4888
2015-10-19,9.4962
2015-10-20,9.502
2015-10-21,9.5087
2015-10-22,9.5132
2015-10-23,9.5198
2015-10-24,9.5198
2015-10-25,9.5198
2015-10-26,9.5268
2015-10-27,9.5322
2015-10-28,9.538
2015-10-29,9.542
2015-10-30,9.546
2015-10-31,9.546
2015-11-01,9.546
2015-11-02,9.554
2015-11-03,9.562
2015-11-04,9.5697
2015-11-05,9.5785
2015-11-06,9.5785
2015-11-07,9.5785
2015-11-08,9.5785
2015-11-09,9.586
2015-11-10,9.594
2015-11-11,9.6023
2015-11-12,9.6138
2015-11-13,9.6223
2015-11-14,9.6223
2015-11-15,9.6223
2015-11-16,9.6298
2015-11-17,9.64
2015-11-18,9.6478
2015-11-19,9.656
2015-11-20,9.6662
2015-11-21,9.6662
2015-11-22,9.6662
2015-11-23,9.671
2015-11-24,9.6732
2015-11-25,9.678
2015-11-26,9.6847
2015-11-27,9.6847
2015-11-28,9.6847
2015-11-29,9.6847
2015-11-30,9.688
2015-12-01,9.6975
2015-12-02,9.707
2015-12-03,9.7178
2015-12-04,9.7273
2015-12-05,9.7273
2015-12-06,9.7273
2015-12-07,9.7273
2015-12-08,9.7273
2015-12-09,9.7367
2015-12-10,9.7488
2015-12-11,9.7728
2015-12-12,9.7728
2015-12-13,9.7728
2015-12-14,9.7875
2015-12-15,9.806
2015-12-16,9.8268
2015-12-17,13.7633
2015-12-18,13.4217
2015-12-19,13.4217
2015-12-20,13.4217
2015-12-21,12.8083
2015-12-22,12.9375
2015-12-23,13.0442
2015-12-24,13.05
2015-12-25,13.05
2015-12-26,13.05
2015-12-27,13.05
2015-12-28,13.0558
2015-12-29,12.9658
2015-12-30,12.9757
2015-12-31,13.005
2016-01-01,13.005
2016-01-02,13.005
2016-01-03,13.005
2016-01-04,13.0692
2016-01-05,13.455
2016-01-06,13.835
2016-01-07,13.9413
2016-01-08,13.865
2016-01-09,13.865
2016-01-10,13.865
2016-01-11,13.8725
2016-01-12,13.5833
2016-01-13,13.56
2016-01-14,13.46
2016-01-15,13.4367
2016-01-16,13.4367
2016-01-17,13.4367
2016-01-18,13.5117
2016-01-19,13.4867
2016-01-20,13.4467
2016-01-21,13.5533
2016-01-22,13.715
2016-01-23,13.715
2016-01-24,13.715
2016-01-25,13.7832
2016-01-26,13.8378
2016-01-27,13.8912
2016-01-28,13.8892
2016-01-29,13.904000000000002
2016-01-30,13.904000000000002
2016-01-31,13.904000000000002
2016-02-01,14.0883
2016-02-02,14.1367
2016-02-03,14.1433
2016-02-04,14.1862
2016-02-05,14.3142
2016-02-06,14.3142
2016-02-07,14.3142
2016-02-08,14.3142
2016-02-09,14.3142
2016-02-10,14.4717
2016-02-11,14.5592
2016-02-12,14.7298
2016-02-13,14.7298
2016-02-14,14.7298
2016-02-15,14.7733
2016-02-16,14.8498
2016-02-17,14.9142
2016-02-18,15.0333
2016-02-19,15.0283
2016-02-20,15.0283
2016-02-21,15.0283
2016-02-22,15.09
2016-02-23,15.42
2016-02-24,15.3483
2016-02-25,15.3708
2016-02-26,15.435
2016-02-27,15.435
2016-02-28,15.435
2016-02-29,15.5842
2016-03-01,15.9192
2016-03-02,15.6852
2016-03-03,15.445
2016-03-04,15.195
2016-03-05,15.195
2016-03-06,15.195
2016-03-07,15.3442
2016-03-08,15.4392
2016-03-09,15.3633
2016-03-10,15.3403
2016-03-11,15.1183
2016-03-12,15.1183
2016-03-13,15.1183
2016-03-14,14.8017
2016-03-15,14.6083
2016-03-16,14.5093
2016-03-17,14.6273
2016-03-18,14.8217
2016-03-19,14.8217
2016-03-20,14.8217
2016-03-21,14.5808
2016-03-22,14.2458
2016-03-23,14.425999999999998
2016-03-24,14.425999999999998
2016-03-25,14.425999999999998
2016-03-26,14.425999999999998
2016-03-27,14.425999999999998
2016-03-28,14.6383
2016-03-29,14.884
2016-03-30,14.6167
2016-03-31,14.5817
2016-04-01,14.7033
2016-04-02,14.7033
2016-04-03,14.7033
2016-04-04,14.7792
2016-04-05,14.6817
2016-04-06,14.6913
2016-04-07,14.525
2016-04-08,14.43
2016-04-09,14.43
2016-04-10,14.43
2016-04-11,14.51
2016-04-12,14.54
2016-04-13,14.4242
2016-04-14,14.3683
2016-04-15,14.295
2016-04-16,14.295
2016-04-17,14.295
2016-04-18,14.14
2016-04-19,14.1418
2016-04-20,14.2425
2016-04-21,14.36
2016-04-22,14.4558
2016-04-23,14.4558
2016-04-24,14.4558
2016-04-25,14.3308
2016-04-26,14.3122
2016-04-27,14.2408
2016-04-28,14.1702
2016-04-29,14.2582
2016-04-30,14.2582
2016-05-01,14.2582
2016-05-02,14.2617
2016-05-03,14.2098
2016-05-04,14.2133
2016-05-05,14.2535
2016-05-06,14.2355
2016-05-07,14.2355
2016-05-08,14.2355
2016-05-09,14.2242
2016-05-10,14.2312
2016-05-11,14.222
2016-05-12,14.1987
2016-05-13,14.1622
2016-05-14,14.1622
2016-05-15,14.1622
2016-05-16,14.1498
2016-05-17,14.1318
2016-05-18,14.1108
2016-05-19,14.1222
2016-05-20,14.0803
2016-05-21,14.0803
2016-05-22,14.0803
2016-05-23,14.0117
2016-05-24,14.0233
2016-05-25,14.0233
2016-05-26,14.0875
2016-05-27,13.9867
2016-05-28,13.9867
2016-05-29,13.9867
2016-05-30,13.9633
2016-05-31,14.0127
2016-06-01,13.9537
2016-06-02,13.9343
2016-06-03,13.8783
2016-06-04,13.8783
2016-06-05,13.8783
2016-06-06,13.7773
2016-06-07,13.8042
2016-06-08,13.835
2016-06-09,13.8498
2016-06-10,13.8197
2016-06-11,13.8197
2016-06-12,13.8197
2016-06-13,13.7983
2016-06-14,13.7725
2016-06-15,13.7568
2016-06-16,13.7935
2016-06-17,13.7935
2016-06-18,13.7935
2016-06-19,13.7935
2016-06-20,13.7935
2016-06-21,13.8783
2016-06-22,14.0253
2016-06-23,14.1908
2016-06-24,14.8365
2016-06-25,14.8365
2016-06-26,14.8365
2016-06-27,15.0302
2016-06-28,15.0563
2016-06-29,14.9042
2016-06-30,14.92
2016-07-01,15.119000000000002
2016-07-02,15.119000000000002
2016-07-03,15.119000000000002
2016-07-04,15.0675
2016-07-05,15.0187
2016-07-06,14.755
2016-07-07,14.6925
2016-07-08,14.6925
2016-07-09,14.6925
2016-07-10,14.6925
2016-07-11,14.71
2016-07-12,14.5992
2016-07-13,14.5718
2016-07-14,14.6203
2016-07-15,14.8583
2016-07-16,14.8583
2016-07-17,14.8583
2016-07-18,15.0557
2016-07-19,15.1933
2016-07-20,14.9967
2016-07-21,15.0425
2016-07-22,14.9517
2016-07-23,14.9517
2016-07-24,14.9517
2016-07-25,14.9267
2016-07-26,14.9583
2016-07-27,14.9783
2016-07-28,15.0275
2016-07-29,15.0447
2016-07-30,15.0447
2016-07-31,15.0447
2016-08-01,14.9858
2016-08-02,14.8542
2016-08-03,14.8675
2016-08-04,14.8812
2016-08-05,14.8483
2016-08-06,14.8483
2016-08-07,14.8483
2016-08-08,14.7908
2016-08-09,14.7675
2016-08-10,14.7472
2016-08-11,14.6583
2016-08-12,14.6525
2016-08-13,14.6525
2016-08-14,14.6525
2016-08-15,14.6525
2016-08-16,14.6702
2016-08-17,14.6975
2016-08-18,14.8525
2016-08-19,14.9425
2016-08-20,14.9425
2016-08-21,14.9425
2016-08-22,14.8995
2016-08-23,14.8325
2016-08-24,14.8747
2016-08-25,14.8837
2016-08-26,14.929
2016-08-27,14.929
2016-08-28,14.929
2016-08-29,15.0608
2016-08-30,15.0988
2016-08-31,14.9008
2016-09-01,14.8843
2016-09-02,14.9
2016-09-03,14.9
2016-09-04,14.9
2016-09-05,14.995
2016-09-06,15.0067
2016-09-07,15.025
2016-09-08,15.0665
2016-09-09,15.0577
2016-09-10,15.0577
2016-09-11,15.0577
2016-09-12,14.9887
2016-09-13,14.9125
2016-09-14,15.0275
2016-09-15,15.0402
2016-09-16,15.0892
2016-09-17,15.0892
2016-09-18,15.0892
2016-09-19,15.1508
2016-09-20,15.1617
2016-09-21,15.1365
2016-09-22,15.1682
2016-09-23,15.1607
2016-09-24,15.1607
2016-09-25,15.1607
2016-09-26,15.2067
2016-09-27,15.2677
2016-09-28,15.305
2016-09-29,15.4023
2016-09-30,15.2633
2016-10-01,15.2633
2016-10-02,15.2633
2016-10-03,15.225
2016-10-04,15.18
2016-10-05,15.1825
2016-10-06,15.2232
2016-10-07,15.2092
2016-10-08,15.2092
2016-10-09,15.2092
2016-10-10,15.2092
2016-10-11,15.1862
2016-10-12,15.1522
2016-10-13,15.1152
2016-10-14,15.1217
2016-10-15,15.1217
2016-10-16,15.1217
2016-10-17,15.21
2016-10-18,15.2015
2016-10-19,15.2065
2016-10-20,15.1817
2016-10-21,15.1503
2016-10-22,15.1503
2016-10-23,15.1503
2016-10-24,15.1183
2016-10-25,15.1922
2016-10-26,15.2242
2016-10-27,15.1797
2016-10-28,15.1858
2016-10-29,15.1858
2016-10-30,15.1858
2016-10-31,15.1745
2016-11-01,15.1252
2016-11-02,15.0842
2016-11-03,15.125
2016-11-04,15.0745
2016-11-05,15.0745
2016-11-06,15.0745
2016-11-07,15.0367
2016-11-08,15.0393
2016-11-09,15.02
2016-11-10,15.0183
2016-11-11,15.2217
2016-11-12,15.2217
2016-11-13,15.2217
2016-11-14,15.5308
2016-11-15,15.5417
2016-11-16,15.55
2016-11-17,15.4735
2016-11-18,15.4817
2016-11-19,15.4817
2016-11-20,15.4817
2016-11-21,15.399
2016-11-22,15.406
2016-11-23,15.531
2016-11-24,15.53
2016-11-25,15.535
2016-11-26,15.535
2016-11-27,15.535
2016-11-28,15.535
2016-11-29,15.5702
2016-11-30,15.8442
2016-12-01,15.874
2016-12-02,15.877
2016-12-03,15.877
2016-12-04,15.877
2016-12-05,15.9397
2016-12-06,15.8683
2016-12-07,15.958
2016-12-08,15.958
2016-12-09,15.958
2016-12-10,15.958
2016-12-11,15.958
2016-12-12,16.0392
2016-12-13,16.0183
2016-12-14,15.9133
2016-12-15,15.9992
2016-12-16,15.9523
2016-12-17,15.9523
2016-12-18,15.9523
2016-12-19,15.8567
2016-12-20,15.8273
2016-12-21,15.8648
2016-12-22,15.7733
2016-12-23,15.5993
2016-12-24,15.5993
2016-12-25,15.5993
2016-12-26,15.5525
2016-12-27,15.5225
2016-12-28,15.5725
2016-12-29,15.7333
2016-12-30,15.8502
2016-12-31,15.8502
2017-01-01,15.8502
2017-01-02,15.9192
2017-01-03,15.8955
2017-01-04,16.0533
2017-01-05,15.9942
2017-01-06,15.8535
2017-01-07,15.8535
2017-01-08,15.8535
2017-01-09,15.8083
2017-01-10,15.8677
2017-01-11,15.8575
2017-01-12,15.8208
2017-01-13,15.843
2017-01-14,15.843
2017-01-15,15.843
2017-01-16,15.8695
2017-01-17,15.8827
2017-01-18,15.9517
2017-01-19,15.9783
2017-01-20,15.8567
2017-01-21,15.8567
2017-01-22,15.8567
2017-01-23,15.9218
2017-01-24,15.9558
2017-01-25,15.9312
2017-01-26,15.9448
2017-01-27,15.8908
2017-01-28,15.8908
2017-01-29,15.8908
2017-01-30,15.935
2017-01-31,15.9117
2017-02-01,15.835
2017-02-02,15.7235
2017-02-03,15.6542
2017-02-04,15.6542
2017-02-05,15.6542
2017-02-06,15.6175
2017-02-07,15.7212
2017-02-08,15.685
2017-02-09,15.6325
2017-02-10,15.5483
2017-02-11,15.5483
2017-02-12,15.5483
2017-02-13,15.5262
2017-02-14,15.4845
2017-02-15,15.4587
2017-02-16,15.3675
2017-02-17,15.575
2017-02-18,15.575
2017-02-19,15.575
2017-02-20,15.715
2017-02-21,15.6642
2017-02-22,15.5358
2017-02-23,15.5698
2017-02-24,15.455
2017-02-25,15.455
2017-02-26,15.455
2017-02-27,15.455
2017-02-28,15.455
2017-03-01,15.477
2017-03-02,15.3875
2017-03-03,15.45
2017-03-04,15.45
2017-03-05,15.45
2017-03-06,15.4375
2017-03-07,15.5008
2017-03-08,15.5933
2017-03-09,15.625
2017-03-10,15.4767
2017-03-11,15.4767
2017-03-12,15.4767
2017-03-13,15.5163
2017-03-14,15.5358
2017-03-15,15.5467
2017-03-16,15.5283
2017-03-17,15.5342
2017-03-18,15.5342
2017-03-19,15.5342
2017-03-20,15.6687
2017-03-21,15.6353
2017-03-22,15.5815
2017-03-23,15.626
2017-03-24,15.626
2017-03-25,15.626
2017-03-26,15.626
2017-03-27,15.6075
2017-03-28,15.5433
2017-03-29,15.4678
2017-03-30,15.3998
2017-03-31,15.3818
2017-04-01,15.3818
2017-04-02,15.3818
2017-04-03,15.4175
2017-04-04,15.379
2017-04-05,15.352
2017-04-06,15.4075
2017-04-07,15.3745
2017-04-08,15.3745
2017-04-09,15.3745
2017-04-10,15.3293
2017-04-11,15.2393
2017-04-12,15.1742
2017-04-13,15.1742
2017-04-14,15.1742
2017-04-15,15.1742
2017-04-16,15.1742
2017-04-17,15.2098
2017-04-18,15.2255
2017-04-19,15.4167
2017-04-20,15.4042
2017-04-21,15.393
2017-04-22,15.393
2017-04-23,15.393
2017-04-24,15.4192
2017-04-25,15.4142
2017-04-26,15.4432
2017-04-27,15.4532
2017-04-28,15.4268
2017-04-29,15.4268
2017-04-30,15.4268
2017-05-01,15.4268
2017-05-02,15.3258
2017-05-03,15.2687
2017-05-04,15.3722
2017-05-05,15.335
2017-05-06,15.335
2017-05-07,15.335
2017-05-08,15.3908
2017-05-09,15.5467
2017-05-10,15.5347
2017-05-11,15.4575
2017-05-12,15.4127
2017-05-13,15.4127
2017-05-14,15.4127
2017-05-15,15.4848
2017-05-16,15.5928
2017-05-17,15.6248
2017-05-18,15.9108
2017-05-19,15.8858
2017-05-20,15.8858
2017-05-21,15.8858
2017-05-22,16.07
2017-05-23,16.0967
2017-05-24,16.0975
2017-05-25,16.0975
2017-05-26,16.0383
2017-05-27,16.0383
2017-05-28,16.0383
2017-05-29,16.0075
2017-05-30,16.0658
2017-05-31,16.142
2017-06-01,16.0577
2017-06-02,16.0313
2017-06-03,16.0313
2017-06-04,16.0313
2017-06-05,16.031
2017-06-06,16.0075
2017-06-07,16.0055
2017-06-08,15.9892
2017-06-09,15.9
2017-06-10,15.9
2017-06-11,15.9
2017-06-12,15.9317
2017-06-13,15.892
2017-06-14,15.851
2017-06-15,15.9243
2017-06-16,16.0097
2017-06-17,16.0097
2017-06-18,16.0097
2017-06-19,16.0662
2017-06-20,16.0662
2017-06-21,16.3575
2017-06-22,16.1875
2017-06-23,16.13
2017-06-24,16.13
2017-06-25,16.13
2017-06-26,16.2388
2017-06-27,16.39
2017-06-28,16.369
2017-06-29,16.480999999999998
2017-06-30,16.5985
2017-07-01,16.5985
2017-07-02,16.5985
2017-07-03,16.6817
2017-07-04,16.8733
2017-07-05,17.0018
2017-07-06,17.1483
2017-07-07,16.9743
2017-07-08,16.9743
2017-07-09,16.9743
2017-07-10,16.99
2017-07-11,16.993
2017-07-12,16.9717
2017-07-13,16.9517
2017-07-14,16.8697
2017-07-15,16.8697
2017-07-16,16.8697
2017-07-17,16.8758
2017-07-18,17.0267
2017-07-19,17.3117
2017-07-20,17.1258
2017-07-21,17.3383
2017-07-22,17.3383
2017-07-23,17.3383
2017-07-24,17.5367
2017-07-25,17.4092
2017-07-26,17.4743
2017-07-27,17.5617
2017-07-28,17.7642
2017-07-29,17.7642
2017-07-30,17.7642
2017-07-31,17.67
2017-08-01,17.6135
2017-08-02,17.5648
2017-08-03,17.6408
2017-08-04,17.6517
2017-08-05,17.6517
2017-08-06,17.6517
2017-08-07,17.7017
2017-08-08,17.7128
2017-08-09,17.7833
2017-08-10,17.7298
2017-08-11,17.712
2017-08-12,17.712
2017-08-13,17.712
2017-08-14,17.1533
2017-08-15,17.0583
2017-08-16,17.1117
2017-08-17,17.2665
2017-08-18,17.2822
2017-08-19,17.2822
2017-08-20,17.2822
2017-08-21,17.2822
2017-08-22,17.2287
2017-08-23,17.2248
2017-08-24,17.1767
2017-08-25,17.2223
2017-08-26,17.2223
2017-08-27,17.2223
2017-08-28,17.2155
2017-08-29,17.308
2017-08-30,17.4403
2017-08-31,17.365
2017-09-01,17.2367
2017-09-02,17.2367
2017-09-03,17.2367
2017-09-04,17.2425
2017-09-05,17.2583
2017-09-06,17.2183
2017-09-07,17.2165
2017-09-08,17.2083
2017-09-09,17.2083
2017-09-10,17.2083
2017-09-11,17.2012
2017-09-12,17.1125
2017-09-13,17.0583
2017-09-14,17.0123
2017-09-15,16.972
2017-09-16,16.972
2017-09-17,16.972
2017-09-18,17.0558
2017-09-19,17.1983
2017-09-20,17.1483
2017-09-21,17.2755
2017-09-22,17.3
2017-09-23,17.3
2017-09-24,17.3
2017-09-25,17.4087
2017-09-26,17.6108
2017-09-27,17.567
2017-09-28,17.5562
2017-09-29,17.3183
2017-09-30,17.3183
2017-10-01,17.3183
2017-10-02,17.3475
2017-10-03,17.4283
2017-10-04,17.3623
2017-10-05,17.342
2017-10-06,17.5117
2017-10-07,17.5117
2017-10-08,17.5117
2017-10-09,17.47
2017-10-10,17.4425
2017-10-11,17.4312
2017-10-12,17.4342
2017-10-13,17.361
2017-10-14,17.361
2017-10-15,17.361
2017-10-16,17.361
2017-10-17,17.3793
2017-10-18,17.325
2017-10-19,17.4025
2017-10-20,17.471
2017-10-21,17.471
2017-10-22,17.471
2017-10-23,17.3217
2017-10-24,17.495
2017-10-25,17.4458
2017-10-26,17.5308
2017-10-27,17.6775
2017-10-28,17.6775
2017-10-29,17.6775
2017-10-30,17.6578
2017-10-31,17.6713
2017-11-01,17.6492
2017-11-02,17.5733
2017-11-03,17.5642
2017-11-04,17.5642
2017-11-05,17.5642
2017-11-06,17.5642
2017-11-07,17.6703
2017-11-08,17.5575
2017-11-09,17.537
2017-11-10,17.5158
2017-11-11,17.5158
2017-11-12,17.5158
2017-11-13,17.5367
2017-11-14,17.4898
2017-11-15,17.5325
2017-11-16,17.4942
2017-11-17,17.4867
2017-11-18,17.4867
2017-11-19,17.4867
2017-11-20,17.4867
2017-11-21,17.5102
2017-11-22,17.4672
2017-11-23,17.4232
2017-11-24,17.3715
2017-11-25,17.3715
2017-11-26,17.3715
2017-11-27,17.3338
2017-11-28,17.3307
2017-11-29,17.4217
2017-11-30,17.3845
2017-12-01,17.26
2017-12-02,17.26
2017-12-03,17.26
2017-12-04,17.2608
2017-12-05,17.3513
2017-12-06,17.2862
2017-12-07,17.3058
2017-12-08,17.3058
2017-12-09,17.3058
2017-12-10,17.3058
2017-12-11,17.2697
2017-12-12,17.2635
2017-12-13,17.315
2017-12-14,17.3567
2017-12-15,17.5517
2017-12-16,17.5517
2017-12-17,17.5517
2017-12-18,17.5642
2017-12-19,17.5658
2017-12-20,17.7808
2017-12-21,17.87
2017-12-22,18.0108
2017-12-23,18.0108
2017-12-24,18.0108
2017-12-25,18.0108
2017-12-26,18.2495
2017-12-27,18.435
2017-12-28,18.83
2017-12-29,18.7742
2017-12-30,18.7742
2017-12-31,18.7742
2018-01-01,18.7742
2018-01-02,18.55
2018-01-03,18.4158
2018-01-04,18.605
2018-01-05,18.8608
2018-01-06,18.8608
2018-01-07,18.8608
2018-01-08,19.0725
2018-01-09,19.0458
2018-01-10,18.7217
2018-01-11,18.6517
2018-01-12,18.715
2018-01-13,18.715
2018-01-14,18.715
2018-01-15,18.7208
2018-01-16,18.8258
2018-01-17,18.8917
2018-01-18,18.8525
2018-01-19,18.9625
2018-01-20,18.9625
2018-01-21,18.9625
2018-01-22,19.07
2018-01-23,19.3167
2018-01-24,19.5258
2018-01-25,19.4933
2018-01-26,19.5217
2018-01-27,19.5217
2018-01-28,19.5217
2018-01-29,19.5717
2018-01-30,19.5955
2018-01-31,19.6525
2018-02-01,19.47
2018-02-02,19.5
2018-02-03,19.5
2018-02-04,19.5
2018-02-05,19.5335
2018-02-06,19.69
2018-02-07,19.6242
2018-02-08,19.8408
2018-02-09,20.1258
2018-02-10,20.1258
2018-02-11,20.1258
2018-02-12,20.1258
2018-02-13,20.1258
2018-02-14,20.025
2018-02-15,19.7367
2018-02-16,19.6667
2018-02-17,19.6667
2018-02-18,19.6667
2018-02-19,19.8375
2018-02-20,19.9375
2018-02-21,19.9208
2018-02-22,19.9407
2018-02-23,19.9683
2018-02-24,19.9683
2018-02-25,19.9683
2018-02-26,20.0442
2018-02-27,20.16
2018-02-28,20.115
2018-03-01,20.162
2018-03-02,20.2308
2018-03-03,20.2308
2018-03-04,20.2308
2018-03-05,20.2942
2018-03-06,20.1982
2018-03-07,20.3492
2018-03-08,20.3875
2018-03-09,20.2725
2018-03-10,20.2725
2018-03-11,20.2725
2018-03-12,20.2192
2018-03-13,20.1887
2018-03-14,20.1927
2018-03-15,20.2665
2018-03-16,20.2918
2018-03-17,20.2918
2018-03-18,20.2918
2018-03-19,20.2525
2018-03-20,20.239
2018-03-21,20.2805
2018-03-22,20.2465
2018-03-23,20.2142
2018-03-24,20.2142
2018-03-25,20.2142
2018-03-26,20.1642
2018-03-27,20.1625
2018-03-28,20.1433
2018-03-29,20.1433
2018-03-30,20.1433
2018-03-31,20.1433
2018-04-01,20.1433
2018-04-02,20.1433
2018-04-03,20.1648
2018-04-04,20.198
2018-04-05,20.1842
2018-04-06,20.2125
2018-04-07,20.2125
2018-04-08,20.2125
2018-04-09,20.1937
2018-04-10,20.1908
2018-04-11,20.1598
2018-04-12,20.1693
2018-04-13,20.2077
2018-04-14,20.2077
2018-04-15,20.2077
2018-04-16,20.2163
2018-04-17,20.181
2018-04-18,20.145
2018-04-19,20.1557
2018-04-20,20.1862
2018-04-21,20.1862
2018-04-22,20.1862
2018-04-23,20.2455
2018-04-24,20.2533
2018-04-25,20.2595
2018-04-26,20.4475
2018-04-27,20.6917
2018-04-28,20.6917
2018-04-29,20.6917
2018-04-30,20.6917
2018-05-01,20.6917
2018-05-02,20.9658
2018-05-03,21.7492
2018-05-04,21.6958
2018-05-05,21.6958
2018-05-06,21.6958
2018-05-07,21.825
2018-05-08,22.7633
2018-05-09,22.5683
2018-05-10,22.6305
2018-05-11,23.2333
2018-05-12,23.2333
2018-05-13,23.2333
2018-05-14,24.7683
2018-05-15,24.7997
2018-05-16,24.0367
2018-05-17,24.3292
2018-05-18,24.6033
2018-05-19,24.6033
2018-05-20,24.6033
2018-05-21,24.2692
2018-05-22,24.3617
2018-05-23,24.4352
2018-05-24,24.5567
2018-05-25,24.5567
2018-05-26,24.5567
2018-05-27,24.5567
2018-05-28,24.7
2018-05-29,24.9
2018-05-30,24.905
2018-05-31,24.9475
2018-06-01,24.9625
2018-06-02,24.9625
2018-06-03,24.9625
2018-06-04,24.9592
2018-06-05,24.9653
2018-06-06,24.9195
2018-06-07,24.9703
2018-06-08,25.4733
2018-06-09,25.4733
2018-06-10,25.4733
2018-06-11,25.4292
2018-06-12,25.8617
2018-06-13,25.7283
2018-06-14,27.0617
2018-06-15,27.8767
2018-06-16,27.8767
2018-06-17,27.8767
2018-06-18,27.8967
2018-06-19,27.7133
2018-06-20,27.7133
2018-06-21,27.5533
2018-06-22,27.2042
2018-06-23,27.2042
2018-06-24,27.2042
2018-06-25,27.0167
2018-06-26,27.1217
2018-06-27,27.2967
2018-06-28,27.8117
2018-06-29,28.8617
2018-06-30,28.8617
2018-07-01,28.8617
2018-07-02,28.7217
2018-07-03,27.9417
2018-07-04,28.0317
2018-07-05,28.1675
2018-07-06,28.08
2018-07-07,28.08
2018-07-08,28.08
2018-07-09,28.08
2018-07-10,27.5633
2018-07-11,27.4592
2018-07-12,27.1467
2018-07-13,27.2467
2018-07-14,27.2467
2018-07-15,27.2467
2018-07-16,27.2958
2018-07-17,27.4883
2018-07-18,27.6417
2018-07-19,27.735
2018-07-20,27.65
2018-07-21,27.65
2018-07-22,27.65
2018-07-23,27.6283
2018-07-24,27.4892
2018-07-25,27.3592
2018-07-26,27.44
2018-07-27,27.3517
2018-07-28,27.3517
2018-07-29,27.3517
2018-07-30,27.3392
2018-07-31,27.3425
2018-08-01,27.5117
2018-08-02,27.6008
2018-08-03,27.3817
2018-08-04,27.3817
2018-08-05,27.3817
2018-08-06,27.3733
2018-08-07,27.2717
2018-08-08,27.5233
2018-08-09,27.97
2018-08-10,29.2
2018-08-11,29.2
2018-08-12,29.2
2018-08-13,30.0083
2018-08-14,29.415
2018-08-15,30.005
2018-08-16,29.81
2018-08-17,29.7942
2018-08-18,29.7942
2018-08-19,29.7942
2018-08-20,29.7942
2018-08-21,29.9667
2018-08-22,30.195
2018-08-23,30.2017
2018-08-24,30.5683
2018-08-25,30.5683
2018-08-26,30.5683
2018-08-27,30.9158
2018-08-28,31.3517
2018-08-29,31.9417
2018-08-30,39.6083
2018-08-31,37.125
2018-09-01,37.125
2018-09-02,37.125
2018-09-03,38.0333
2018-09-04,39.225
2018-09-05,38.8117
2018-09-06,37.6917
2018-09-07,36.985
2018-09-08,36.985
2018-09-09,36.985
2018-09-10,37.39
2018-09-11,37.9158
2018-09-12,37.8733
2018-09-13,38.7117
2018-09-14,39.7083
2018-09-15,39.7083
2018-09-16,39.7083
2018-09-17,39.5792
2018-09-18,39.7317
2018-09-19,39.46
2018-09-20,38.3117
2018-09-21,37.575
2018-09-22,37.575
2018-09-23,37.575
2018-09-24,37.3
2018-09-25,38.4
2018-09-26,38.69
2018-09-27,39.51
2018-09-28,40.8967
2018-09-29,40.8967
2018-09-30,40.8967
2018-10-01,40.3417
2018-10-02,38.1633
2018-10-03,37.6083
2018-10-04,38.5183
2018-10-05,38.0167
2018-10-06,38.0167
2018-10-07,38.0167
2018-10-08,37.545
2018-10-09,37.2467
2018-10-10,37.2933
2018-10-11,36.9183
2018-10-12,36.2383
2018-10-13,36.2383
2018-10-14,36.2383
2018-10-15,36.2383
2018-10-16,36.3583
2018-10-17,36.3033
2018-10-18,36.4133
2018-10-19,36.5533
2018-10-20,36.5533
2018-10-21,36.5533
2018-10-22,36.4167
2018-10-23,36.7733
2018-10-24,36.5417
2018-10-25,36.7883
2018-10-26,36.785
2018-10-27,36.785
2018-10-28,36.785
2018-10-29,36.7933
2018-10-30,36.8317
2018-10-31,36.1967
2018-11-01,35.7433
2018-11-02,35.59
2018-11-03,35.59
2018-11-04,35.59
2018-11-05,35.5475
2018-11-06,35.5475
2018-11-07,35.7617
2018-11-08,35.6092
2018-11-09,35.4883
2018-11-10,35.4883
2018-11-11,35.4883
2018-11-12,35.505
2018-11-13,35.885
2018-11-14,36.1233
2018-11-15,36.065
2018-11-16,35.9767
2018-11-17,35.9767
2018-11-18,35.9767
2018-11-19,35.9767
2018-11-20,36.2583
2018-11-21,36.2733
2018-11-22,36.425
2018-11-23,36.8867
2018-11-24,36.8867
2018-11-25,36.8867
2018-11-26,38.155
2018-11-27,38.875
2018-11-28,38.5317
2018-11-29,38.0217
2018-11-30,38.0217
2018-12-01,38.0217
2018-12-02,38.0217
2018-12-03,36.89
2018-12-04,37.0617
2018-12-05,37.9383
2018-12-06,37.8567
2018-12-07,37.3583
2018-12-08,37.3583
2018-12-09,37.3583
2018-12-10,37.7017
2018-12-11,37.6483
2018-12-12,37.6367
2018-12-13,37.8033
2018-12-14,38.165
2018-12-15,38.165
2018-12-16,38.165
2018-12-17,38.3217
2018-12-18,38.2133
2018-12-19,38.3017
2018-12-20,38.07
2018-12-21,38.0783
2018-12-22,38.0783
2018-12-23,38.0783
2018-12-24,38.0783
2018-12-25,38.0783
2018-12-26,38.51
2018-12-27,38.57
2018-12-28,37.8083
2018-12-29,37.8083
2018-12-30,37.8083
2018-12-31,37.8083
2019-01-01,37.8083
2019-01-02,37.9333
2019-01-03,37.5517
2019-01-04,37.39
2019-01-05,37.39
2019-01-06,37.39
2019-01-07,37.3583
2019-01-08,37.3742
2019-01-09,37.4708
2019-01-10,37.3092
2019-01-11,37.1033
2019-01-12,37.1033
2019-01-13,37.1033
2019-01-14,37.095
2019-01-15,37.135
2019-01-16,37.3567
2019-01-17,37.7383
2019-01-18,37.62
2019-01-19,37.62
2019-01-20,37.62
2019-01-21,37.705
2019-01-22,37.59
2019-01-23,37.56
2019-01-24,37.5592
2019-01-25,37.1433
2019-01-26,37.1433
2019-01-27,37.1433
2019-01-28,37.0933
2019-01-29,37.225
2019-01-30,37.605
2019-01-31,37.035
2019-02-01,37.2367
2019-02-02,37.2367
2019-02-03,37.2367
2019-02-04,37.24
2019-02-05,37.1967
2019-02-06,37.4283
2019-02-07,37.895
2019-02-08,37.8617
2019-02-09,37.8617
2019-02-10,37.8617
2019-02-11,38.32
2019-02-12,37.8167
2019-02-13,38.1467
2019-02-14,38.3717
2019-02-15,38.325
2019-02-16,38.325
2019-02-17,38.325
2019-02-18,38.765
2019-02-19,38.9158
2019-02-20,40.04
2019-02-21,39.6633
2019-02-22,39.2517
2019-02-23,39.2517
2019-02-24,39.2517
2019-02-25,38.96
2019-02-26,38.9917
2019-02-27,38.7467
2019-02-28,38.9983
2019-03-01,39.445
2019-03-02,39.445
2019-03-03,39.445
2019-03-04,39.445
2019-03-05,39.445
2019-03-06,40.4817
2019-03-07,41.225
2019-03-08,41.3
2019-03-09,41.3
2019-03-10,41.3
2019-03-11,40.8717
2019-03-12,41.3483
2019-03-13,41.6467
2019-03-14,40.98
2019-03-15,39.9417
2019-03-16,39.9417
2019-03-17,39.9417
2019-03-18,39.7133
2019-03-19,40.325
2019-03-20,41.0817
2019-03-21,40.7417
2019-03-22,42.01
2019-03-23,42.01
2019-03-24,42.01
2019-03-25,41.785
2019-03-26,42.3467
2019-03-27,43.6983
2019-03-28,43.59
2019-03-29,43.3533
2019-03-30,43.3533
2019-03-31,43.3533
2019-04-01,42.8233
2019-04-02,42.8233
2019-04-03,42.6533
2019-04-04,43.2467
2019-04-05,43.6933
2019-04-06,43.6933
2019-04-07,43.6933
2019-04-08,43.8
2019-04-09,43.74
2019-04-10,43.0417
2019-04-11,42.9117
2019-04-12,42.33
2019-04-13,42.33
2019-04-14,42.33
2019-04-15,41.5617
2019-04-16,42.1133
2019-04-17,41.7833
2019-04-18,41.7833
2019-04-19,41.7833
2019-04-20,41.7833
2019-04-21,41.7833
2019-04-22,42.6917
2019-04-23,42.38
2019-04-24,43.4783
2019-04-25,45.6333
2019-04-26,44.8767
2019-04-27,44.8767
2019-04-28,44.8767
2019-04-29,44.6733
2019-04-30,44.01
2019-05-01,44.01
2019-05-02,44.7483
2019-05-03,44.4233
2019-05-04,44.4233
2019-05-05,44.4233
2019-05-06,44.8967
2019-05-07,44.895
2019-05-08,45.0383
2019-05-09,45.5667
2019-05-10,44.9817
2019-05-11,44.9817
2019-05-12,44.9817
2019-05-13,45.4133
2019-05-14,44.985
2019-05-15,45.1533
2019-05-16,44.8583
2019-05-17,45.0183
2019-05-18,45.0183
2019-05-19,45.0183
2019-05-20,45.3242
2019-05-21,44.82
2019-05-22,44.715
2019-05-23,45.15
2019-05-24,44.96
2019-05-25,44.96
2019-05-26,44.96
2019-05-27,44.9783
2019-05-28,44.7867
2019-05-29,44.5033
2019-05-30,44.445
2019-05-31,44.87
2019-06-01,44.87
2019-06-02,44.87
2019-06-03,44.8733
2019-06-04,44.7567
2019-06-05,44.8033
2019-06-06,44.98
2019-06-07,44.8833
2019-06-08,44.8833
2019-06-09,44.8833
2019-06-10,44.97
2019-06-11,44.7417
2019-06-12,43.7483
2019-06-13,43.585
2019-06-14,43.87
2019-06-15,43.87
2019-06-16,43.87
2019-06-17,43.87
2019-06-18,43.6567
2019-06-19,43.4517
2019-06-20,43.4517
2019-06-21,42.915
2019-06-22,42.915
2019-06-23,42.915
2019-06-24,42.665
2019-06-25,42.305
2019-06-26,42.7117
2019-06-27,42.8433
2019-06-28,42.4483
2019-06-29,42.4483
2019-06-30,42.4483
2019-07-01,42.135
2019-07-02,42.465
2019-07-03,42.09
2019-07-04,41.7583
2019-07-05,41.98
2019-07-06,41.98
2019-07-07,41.98
2019-07-08,41.98
2019-07-09,41.98
2019-07-10,41.8808
2019-07-11,41.755
2019-07-12,41.6583
2019-07-13,41.6583
2019-07-14,41.6583
2019-07-15,41.8617
2019-07-16,42.6333
2019-07-17,42.52
2019-07-18,42.345
2019-07-19,42.4467
2019-07-20,42.4467
2019-07-21,42.4467
2019-07-22,42.4783
2019-07-23,42.6283
2019-07-24,42.8083
2019-07-25,43.245
2019-07-26,43.2167
2019-07-27,43.2167
2019-07-28,43.2167
2019-07-29,43.755
2019-07-30,43.8817
2019-07-31,43.8692
2019-08-01,44.3233
2019-08-02,44.7042
2019-08-03,44.7042
2019-08-04,44.7042
2019-08-05,45.4383
2019-08-06,45.3517
2019-08-07,45.69
2019-08-08,45.4117
2019-08-09,45.4033
2019-08-10,45.4033
2019-08-11,45.4033
2019-08-12,55.75
2019-08-13,56.3167
2019-08-14,58.835
2019-08-15,56.6333
2019-08-16,56.435
2019-08-17,56.435
2019-08-18,56.435
2019-08-19,56.435
2019-08-20,55.3633
2019-08-21,54.915
2019-08-22,55.0308
2019-08-23,55.2683
2019-08-24,55.2683
2019-08-25,55.2683
2019-08-26,55.335
2019-08-27,55.7133
2019-08-28,58.075
2019-08-29,58.2
2019-08-30,59.075
2019-08-31,59.075
2019-09-01,59.075
2019-09-02,57.0917
2019-09-03,55.7833
2019-09-04,55.935
2019-09-05,56.0042
2019-09-06,55.9083
2019-09-07,55.9083
2019-09-08,55.9083
2019-09-09,55.9433
2019-09-10,56.0683
